{
	"partitions" : [
		{
			"name" : "Top",
			"pins" : [
				{
					"name" : "RQAddr1[6]",
					"strict" : false
				},
				{
					"name" : "RQAddr1[5]",
					"strict" : false
				},
				{
					"name" : "RQAddr1[4]",
					"strict" : false
				},
				{
					"name" : "RQAddr1[3]",
					"strict" : false
				},
				{
					"name" : "RQAddr1[2]",
					"strict" : false
				},
				{
					"name" : "RQAddr1[1]",
					"strict" : false
				},
				{
					"name" : "RQAddr1[0]",
					"strict" : false
				},
				{
					"name" : "RQAddr2[6]",
					"strict" : false
				},
				{
					"name" : "RQAddr2[5]",
					"strict" : false
				},
				{
					"name" : "RQAddr2[4]",
					"strict" : false
				},
				{
					"name" : "RQAddr2[3]",
					"strict" : false
				},
				{
					"name" : "RQAddr2[2]",
					"strict" : false
				},
				{
					"name" : "RQAddr2[1]",
					"strict" : false
				},
				{
					"name" : "RQAddr2[0]",
					"strict" : false
				},
				{
					"name" : "RQALU1[6]",
					"strict" : false
				},
				{
					"name" : "RQALU1[5]",
					"strict" : false
				},
				{
					"name" : "RQALU1[4]",
					"strict" : false
				},
				{
					"name" : "RQALU1[3]",
					"strict" : false
				},
				{
					"name" : "RQALU1[2]",
					"strict" : false
				},
				{
					"name" : "RQALU1[1]",
					"strict" : false
				},
				{
					"name" : "RQALU1[0]",
					"strict" : false
				},
				{
					"name" : "RQALU2[6]",
					"strict" : false
				},
				{
					"name" : "RQALU2[5]",
					"strict" : false
				},
				{
					"name" : "RQALU2[4]",
					"strict" : false
				},
				{
					"name" : "RQALU2[3]",
					"strict" : false
				},
				{
					"name" : "RQALU2[2]",
					"strict" : false
				},
				{
					"name" : "RQALU2[1]",
					"strict" : false
				},
				{
					"name" : "RQALU2[0]",
					"strict" : false
				},
				{
					"name" : "RQData1[6]",
					"strict" : false
				},
				{
					"name" : "RQData1[5]",
					"strict" : false
				},
				{
					"name" : "RQData1[4]",
					"strict" : false
				},
				{
					"name" : "RQData1[3]",
					"strict" : false
				},
				{
					"name" : "RQData1[2]",
					"strict" : false
				},
				{
					"name" : "RQData1[1]",
					"strict" : false
				},
				{
					"name" : "RQData1[0]",
					"strict" : false
				},
				{
					"name" : "RQData2[6]",
					"strict" : false
				},
				{
					"name" : "RQData2[5]",
					"strict" : false
				},
				{
					"name" : "RQData2[4]",
					"strict" : false
				},
				{
					"name" : "RQData2[3]",
					"strict" : false
				},
				{
					"name" : "RQData2[2]",
					"strict" : false
				},
				{
					"name" : "RQData2[1]",
					"strict" : false
				},
				{
					"name" : "RQData2[0]",
					"strict" : false
				},
				{
					"name" : "SOUT[3]",
					"strict" : false
				},
				{
					"name" : "SOUT[2]",
					"strict" : false
				},
				{
					"name" : "SOUT[1]",
					"strict" : false
				},
				{
					"name" : "SOUT[0]",
					"strict" : false
				},
				{
					"name" : "B_T_CN_M",
					"strict" : false
				},
				{
					"name" : "clk",
					"strict" : false
				},
				{
					"name" : "M_CN",
					"strict" : false
				}
			]
		}
	]
}