{
	"partitions" : [
		{
			"name" : "Top",
			"pins" : [
				{
					"name" : "CF",
					"strict" : false
				},
				{
					"name" : "RQA1[0]",
					"strict" : false
				},
				{
					"name" : "RQA1[1]",
					"strict" : false
				},
				{
					"name" : "RQA1[2]",
					"strict" : false
				},
				{
					"name" : "RQA1[3]",
					"strict" : false
				},
				{
					"name" : "RQA1[4]",
					"strict" : false
				},
				{
					"name" : "RQA1[5]",
					"strict" : false
				},
				{
					"name" : "RQA1[6]",
					"strict" : false
				},
				{
					"name" : "RQA2[0]",
					"strict" : false
				},
				{
					"name" : "RQA2[1]",
					"strict" : false
				},
				{
					"name" : "RQA2[2]",
					"strict" : false
				},
				{
					"name" : "RQA2[3]",
					"strict" : false
				},
				{
					"name" : "RQA2[4]",
					"strict" : false
				},
				{
					"name" : "RQA2[5]",
					"strict" : false
				},
				{
					"name" : "RQA2[6]",
					"strict" : false
				},
				{
					"name" : "RQB1[0]",
					"strict" : false
				},
				{
					"name" : "RQB1[1]",
					"strict" : false
				},
				{
					"name" : "RQB1[2]",
					"strict" : false
				},
				{
					"name" : "RQB1[3]",
					"strict" : false
				},
				{
					"name" : "RQB1[4]",
					"strict" : false
				},
				{
					"name" : "RQB1[5]",
					"strict" : false
				},
				{
					"name" : "RQB1[6]",
					"strict" : false
				},
				{
					"name" : "RQB2[0]",
					"strict" : false
				},
				{
					"name" : "RQB2[1]",
					"strict" : false
				},
				{
					"name" : "RQB2[2]",
					"strict" : false
				},
				{
					"name" : "RQB2[3]",
					"strict" : false
				},
				{
					"name" : "RQB2[4]",
					"strict" : false
				},
				{
					"name" : "RQB2[5]",
					"strict" : false
				},
				{
					"name" : "RQB2[6]",
					"strict" : false
				},
				{
					"name" : "RQF1[0]",
					"strict" : false
				},
				{
					"name" : "RQF1[1]",
					"strict" : false
				},
				{
					"name" : "RQF1[2]",
					"strict" : false
				},
				{
					"name" : "RQF1[3]",
					"strict" : false
				},
				{
					"name" : "RQF1[4]",
					"strict" : false
				},
				{
					"name" : "RQF1[5]",
					"strict" : false
				},
				{
					"name" : "RQF1[6]",
					"strict" : false
				},
				{
					"name" : "RQF2[0]",
					"strict" : false
				},
				{
					"name" : "RQF2[1]",
					"strict" : false
				},
				{
					"name" : "RQF2[2]",
					"strict" : false
				},
				{
					"name" : "RQF2[3]",
					"strict" : false
				},
				{
					"name" : "RQF2[4]",
					"strict" : false
				},
				{
					"name" : "RQF2[5]",
					"strict" : false
				},
				{
					"name" : "RQF2[6]",
					"strict" : false
				},
				{
					"name" : "S[0]",
					"strict" : false
				},
				{
					"name" : "S[1]",
					"strict" : false
				},
				{
					"name" : "S[2]",
					"strict" : false
				},
				{
					"name" : "S[3]",
					"strict" : false
				},
				{
					"name" : "ALU",
					"strict" : false
				},
				{
					"name" : "SEG",
					"strict" : false
				},
				{
					"name" : "DATA_IN[0]",
					"strict" : false
				},
				{
					"name" : "CLK",
					"strict" : false
				},
				{
					"name" : "LOAD_S",
					"strict" : false
				},
				{
					"name" : "DATA_IN[2]",
					"strict" : false
				},
				{
					"name" : "DATA_IN[7]",
					"strict" : false
				},
				{
					"name" : "LOAD_A",
					"strict" : false
				},
				{
					"name" : "DATA_IN[3]",
					"strict" : false
				},
				{
					"name" : "DATA_IN[1]",
					"strict" : false
				},
				{
					"name" : "DATA_IN[4]",
					"strict" : false
				},
				{
					"name" : "DATA_IN[5]",
					"strict" : false
				},
				{
					"name" : "DATA_IN[6]",
					"strict" : false
				},
				{
					"name" : "LOAD_B",
					"strict" : false
				}
			]
		}
	]
}