<?xml version="1.0" encoding="UTF-8"?>
<GenRun Id="synth_1" LaunchPart="xc7k70tfbv676-1" LaunchTime="1765730686">
  <File Type="VDS-TIMINGSUMMARY" Name="alu8_timing_summary_synth.rpt"/>
  <File Type="RDS-DCP" Name="alu8.dcp"/>
  <File Type="RDS-UTIL-PB" Name="alu8_utilization_synth.pb"/>
  <File Type="RDS-UTIL" Name="alu8_utilization_synth.rpt"/>
  <File Type="RDS-PROPCONSTRS" Name="alu8_drc_synth.rpt"/>
  <File Type="RDS-RDS" Name="alu8.vds"/>
  <File Type="REPORTS-TCL" Name="alu8_reports.tcl"/>
  <File Type="VDS-TIMING-PB" Name="alu8_timing_summary_synth.pb"/>
  <File Type="PA-TCL" Name="alu8.tcl"/>
  <FileSet Name="sources" Type="DesignSrcs" RelSrcDir="$PSRCDIR/sources_1" RelGenDir="$PGENDIR/sources_1">
    <Filter Type="Srcs"/>
    <File Path="$PSRCDIR/sources_1/new/alu8.v">
      <FileInfo>
        <Attr Name="UsedIn" Val="synthesis"/>
        <Attr Name="UsedIn" Val="implementation"/>
        <Attr Name="UsedIn" Val="simulation"/>
      </FileInfo>
    </File>
    <Config>
      <Option Name="DesignMode" Val="RTL"/>
      <Option Name="TopModule" Val="alu8"/>
      <Option Name="TopAutoSet" Val="TRUE"/>
    </Config>
  </FileSet>
  <FileSet Name="constrs_in" Type="Constrs" RelSrcDir="$PSRCDIR/constrs_1" RelGenDir="$PGENDIR/constrs_1">
    <Filter Type="Constrs"/>
    <Config>
      <Option Name="ConstrsType" Val="XDC"/>
    </Config>
  </FileSet>
  <FileSet Name="utils" Type="Utils" RelSrcDir="$PSRCDIR/utils_1" RelGenDir="$PGENDIR/utils_1">
    <Filter Type="Utils"/>
    <Config>
      <Option Name="TopAutoSet" Val="TRUE"/>
    </Config>
  </FileSet>
  <Strategy Version="1" Minor="2">
    <StratHandle Name="Vivado Synthesis Defaults" Flow="Vivado Synthesis 2025"/>
    <Step Id="synth_design"/>
  </Strategy>
</GenRun>
