{
	"system" : {
		"platform" : "windows64",
		"os_name" : "Windows 10",
		"os_version" : "10.0"
	},
	"error" : {
		"executable" : "quartus",
		"comment" : "not_applicable",
		"error_message" : "Access Violation at 0X000000006CD0D6C6",
		"source_file" : "unknown",
		"line" : "0",
		"stack_trace" : "\t 0x6cd0d6c5: QtGui4 + 0x5d6c5 (??1QWidget@@UEAA@XZ + 0x4a5)\n\t 0x6cd0dcc5: QtGui4 + 0x5dcc5 (??1QWidgetPrivate@@UEAA@XZ + 0x1c5)\n\t 0x6d76f242: QtCore4 + 0x11f242 (?deleteChildren@QObjectPrivate@@QEAAXXZ + 0xa2)\n\t 0x6cd0d9c7: QtGui4 + 0x5d9c7 (??1QWidget@@UEAA@XZ + 0x7a7)\n\t0x7ffdfceee12b: SYS_QUI + 0x3e12b (??_EQUI_MDI_SUB_WND@@UEAAPEAXI@Z + 0x6b)\n\t 0x6d770894: QtCore4 + 0x120894 (?event@QObject@@UEAA_NPEAVQEvent@@@Z + 0xa4)\n\t 0x6cd12a32: QtGui4 + 0x62a32 (?event@QWidget@@MEAA_NPEAVQEvent@@@Z + 0xd42)\n\t 0x6ccd2f95: QtGui4 + 0x22f95 (?notify_helper@QApplicationPrivate@@QEAA_NPEAVQObject@@PEAVQEvent@@@Z + 0xf5)\n\t 0x6ccd2c2f: QtGui4 + 0x22c2f (?notify@QApplication@@UEAA_NPEAVQObject@@PEAVQEvent@@@Z + 0x17bf)\n\t 0x6d75e67b: QtCore4 + 0x10e67b (?notifyInternal@QCoreApplication@@AEAA_NPEAVQObject@@PEAVQEvent@@@Z + 0x7b)\n\t 0x6d760252: QtCore4 + 0x110252 (?sendPostedEvents@QCoreApplicationPrivate@@SAXPEAVQObject@@HPEAVQThreadData@@@Z + 0x2b2)\n\t 0x6d678328: QtCore4 + 0x28328 (?currentThreadId@QThread@@SAPEAXXZ + 0x1a8)\n\t 0x6d679620: QtCore4 + 0x29620 (?terminate@QThread@@QEAAXXZ + 0xa0)\n\t0x7ffe2b628e90: sld_redq + 0x8e90 (??1REDQ_NODE_WIDGET@@UEAA@XZ + 0xb0)\n\t0x7ffe2b629ec3: sld_redq + 0x9ec3 (??_EREDQ_NODE_WIDGET@@UEAAPEAXI@Z + 0x13)\n\t0x7ffe2b628d4e: sld_redq + 0x8d4e (??1REDQ_DEVICE_WIDGET@@UEAA@XZ + 0xbe)\n\t0x7ffe2b629bf3: sld_redq + 0x9bf3 (??_EREDQ_DEVICE_WIDGET@@UEAAPEAXI@Z + 0x13)\n\t0x7ffe2b62907e: sld_redq + 0x907e (??1REDQ_WIDGET@@UEAA@XZ + 0x3e)\n\t0x7ffe2b62a0d3: sld_redq + 0xa0d3 (??_EREDQ_WIDGET@@UEAAPEAXI@Z + 0x13)\n\t 0x6d76f242: QtCore4 + 0x11f242 (?deleteChildren@QObjectPrivate@@QEAAXXZ + 0xa2)\n\t 0x6cd0d9c7: QtGui4 + 0x5d9c7 (??1QWidget@@UEAA@XZ + 0x7a7)\n\t0x7ffe2b6299f4: sld_redq + 0x99f4 (??_EQSplitter@@UEAAPEAXI@Z + 0x14)\n\t 0x6d76f242: QtCore4 + 0x11f242 (?deleteChildren@QObjectPrivate@@QEAAXXZ + 0xa2)\n\t 0x6cd0d9c7: QtGui4 + 0x5d9c7 (??1QWidget@@UEAA@XZ + 0x7a7)\n\t0x7ffe2b629e87: sld_redq + 0x9e87 (??_EREDQ_LAYOUT_WIDGET@@UEAAPEAXI@Z + 0x37)\n\t 0x6d76f242: QtCore4 + 0x11f242 (?deleteChildren@QObjectPrivate@@QEAAXXZ + 0xa2)\n\t 0x6cd0d9c7: QtGui4 + 0x5d9c7 (??1QWidget@@UEAA@XZ + 0x7a7)\n\t0x7ffdfced2cf4: SYS_QUI + 0x22cf4 (??1QUI_FRAME_WND@@UEAA@XZ + 0x454)\n\t0x7ffe2b629c47: sld_redq + 0x9c47 (??_EREDQ_FRAME_WND@@UEAAPEAXI@Z + 0x37)\n\t 0x6d770894: QtCore4 + 0x120894 (?event@QObject@@UEAA_NPEAVQEvent@@@Z + 0xa4)\n\t 0x6cd12a32: QtGui4 + 0x62a32 (?event@QWidget@@MEAA_NPEAVQEvent@@@Z + 0xd42)\n\t 0x6d04cbc0: QtGui4 + 0x39cbc0 (?event@QMainWindow@@MEAA_NPEAVQEvent@@@Z + 0x280)\n\t 0x6ccd2f95: QtGui4 + 0x22f95 (?notify_helper@QApplicationPrivate@@QEAA_NPEAVQObject@@PEAVQEvent@@@Z + 0xf5)\n\t 0x6ccd2c2f: QtGui4 + 0x22c2f (?notify@QApplication@@UEAA_NPEAVQObject@@PEAVQEvent@@@Z + 0x17bf)\n\t 0x6d75e67b: QtCore4 + 0x10e67b (?notifyInternal@QCoreApplication@@AEAA_NPEAVQObject@@PEAVQEvent@@@Z + 0x7b)\n\t 0x6d760252: QtCore4 + 0x110252 (?sendPostedEvents@QCoreApplicationPrivate@@SAXPEAVQObject@@HPEAVQThreadData@@@Z + 0x2b2)\n\t 0x6d784138: QtCore4 + 0x134138 (?processEvents@QEventDispatcherWin32@@UEAA_NV?$QFlags@W4ProcessEventsFlag@QEventLoop@@@@@Z + 0xb98)\n\t0x7ffe7e57ef5b: USER32 + 0xef5b (CallWindowProcW + 0x60b)\n\t0x7ffe7e57e683: USER32 + 0xe683 (DispatchMessageW + 0x4a3)\n\t 0x6d783982: QtCore4 + 0x133982 (?processEvents@QEventDispatcherWin32@@UEAA_NV?$QFlags@W4ProcessEventsFlag@QEventLoop@@@@@Z + 0x3e2)\n\t 0x6cd32074: QtGui4 + 0x82074 (?openPopup@QApplicationPrivate@@QEAAXPEAVQWidget@@@Z + 0x204)\n\t 0x6d75b5db: QtCore4 + 0x10b5db (?exec@QEventLoop@@QEAAHV?$QFlags@W4ProcessEventsFlag@QEventLoop@@@@@Z + 0x22b)\n\t 0x6d75dbbf: QtCore4 + 0x10dbbf (?exec@QCoreApplication@@SAHXZ + 0xdf)\n\t0x7ff79256198b: quartus + 0x198b (?qgq_main@@YAHHPEAPEBD@Z + 0x8b)\n\t0x7ffe5d7a3258: CCL_MSG + 0x13258 (?msg_main_thread@@YAPEAXPEAX@Z + 0x18)\n\t0x7ffe5d7a4a5e: CCL_MSG + 0x14a5e (?msg_thread_wrapper@@YAPEAXP6APEAXPEAX@Z0@Z + 0x6e)\n\t0x7ffe5d766af0: ccl_mem + 0x16af0 (?mem_thread_wrapper@@YAPEAXP6APEAXPEAX@Z0@Z + 0x70)\n\t0x7ffe5d7a2af1: CCL_MSG + 0x12af1 (?msg_exe_main@@YAHHPEAPEBDP6AHH0@Z@Z + 0xa1)\n\t0x7ff792562777: quartus + 0x2777 (WinMain + 0x127)\n\t0x7ff792561f40: quartus + 0x1f40 (__tmainCRTStartup + 0x148)\n\t0x7ffe7e277373: KERNEL32 + 0x17373 (BaseThreadInitThunk + 0x13)\n\t0x7ffe7f55cc90: ntdll + 0x4cc90 (RtlUserThreadStart + 0x20)\n",
		"subsystem" : "unknown"
	},
	"quartus" : {
		"quartus_bits" : "64",
		"version" : "20.1.1",
		"build" : "720",
		"edition" : "Lite Edition"
	}
}